iter	Logloss
0	0.6488970947
1	0.5853065491
2	0.5581993103
3	0.5370763779
4	0.5073289871
5	0.4864385605
6	0.4576036835
7	0.4297905731
8	0.4011367035
9	0.3831624603
